-- MySQL dump 10.13  Distrib 5.7.17, for Win64 (x86_64)
--
-- Host: localhost    Database: apollosql
-- ------------------------------------------------------
-- Server version	5.7.17-log

/*!40101 SET @OLD_CHARACTER_SET_CLIENT=@@CHARACTER_SET_CLIENT */;
/*!40101 SET @OLD_CHARACTER_SET_RESULTS=@@CHARACTER_SET_RESULTS */;
/*!40101 SET @OLD_COLLATION_CONNECTION=@@COLLATION_CONNECTION */;
/*!40101 SET NAMES utf8 */;
/*!40103 SET @OLD_TIME_ZONE=@@TIME_ZONE */;
/*!40103 SET TIME_ZONE='+00:00'*/;
/*!40014 SET @OLD_UNIQUE_CHECKS=@@UNIQUE_CHECKS, UNIQUE_CHECKS=0 */;
/*!40014 SET @OLD_FOREIGN_KEY_CHECKS=@@FOREIGN_KEY_CHECKS, FOREIGN_KEY_CHECKS=0 */;
-- /*!40101 SET @OLD_SQL_MODE=@@SQL_MODE, SQL_MODE='NO_AUTO_VALUE_ON_ZERO'*/;
/*!40111 SET @OLD_SQL_NOTES=@@SQL_NOTES, SQL_NOTES=0 */;

SET @OLD_UNIQUE_CHECKS=@@UNIQUE_CHECKS, UNIQUE_CHECKS=0;
SET @OLD_FOREIGN_KEY_CHECKS=@@FOREIGN_KEY_CHECKS, FOREIGN_KEY_CHECKS=0;
-- SET @OLD_SQL_MODE=@@SQL_MODE, SQL_MODE='TRADITIONAL,ALLOW_INVALID_DATES';

-- -----------------------------------------------------
-- Schema ApolloSQL
-- -----------------------------------------------------
-- Oefen database (start)
DROP SCHEMA IF EXISTS `ApolloSQL` ;

-- -----------------------------------------------------
-- Schema ApolloSQL
--
-- Oefen database (start)
-- -----------------------------------------------------
CREATE SCHEMA IF NOT EXISTS `ApolloSQL` DEFAULT CHARACTER SET utf8 COLLATE utf8_general_ci ;
USE `ApolloSQL` ;


--
-- Table structure for table `tblgebruikers`
--

DROP TABLE IF EXISTS `tblgebruikers`;
/*!40101 SET @saved_cs_client     = @@character_set_client */;
/*!40101 SET character_set_client = utf8 */;
CREATE TABLE `tblgebruikers` (
  `Id` int(11) NOT NULL AUTO_INCREMENT,
  `naam` varchar(50) CHARACTER SET utf8mb4 DEFAULT NULL,
  `paswoord` varchar(50) CHARACTER SET utf8mb4 DEFAULT NULL,
  `beveiliging` varchar(1) CHARACTER SET utf8mb4 DEFAULT NULL COMMENT '1=volledig beheer,2=enkel raadplegen',
  PRIMARY KEY (`Id`)
) ENGINE=InnoDB AUTO_INCREMENT=6 DEFAULT CHARSET=utf8;
/*!40101 SET character_set_client = @saved_cs_client */;

--
-- Dumping data for table `tblgebruikers`
--

LOCK TABLES `tblgebruikers` WRITE;
/*!40000 ALTER TABLE `tblgebruikers` DISABLE KEYS */;
INSERT INTO `tblgebruikers` VALUES (1,'leraar','sjzler58','1'),(2,'ll6ib','6ib','1'),(3,'leerling','klas','2'),(5,'nascholer','krak','1');
/*!40000 ALTER TABLE `tblgebruikers` ENABLE KEYS */;
UNLOCK TABLES;

--
-- Table structure for table `tblklanten`
--

DROP TABLE IF EXISTS `tblklanten`;
/*!40101 SET @saved_cs_client     = @@character_set_client */;
/*!40101 SET character_set_client = utf8 */;
CREATE TABLE `tblklanten` (
  `Klantnr` int(11) NOT NULL AUTO_INCREMENT,
  `Naam` varchar(35) CHARACTER SET utf8mb4 DEFAULT NULL,
  `Straat` varchar(30) CHARACTER SET utf8mb4 DEFAULT NULL COMMENT 'straat + huisnummer',
  `Postnr` varchar(4) CHARACTER SET utf8mb4 DEFAULT NULL,
  `Gemeente` varchar(25) CHARACTER SET utf8mb4 DEFAULT NULL,
  `BTWnr` varchar(14) CHARACTER SET utf8mb4 DEFAULT NULL,
  `Type` varchar(1) CHARACTER SET utf8mb4 DEFAULT NULL COMMENT 'Winkel, Restaurant,  Traiteur, Particulier',
  `Saldo` double DEFAULT NULL COMMENT 'Schuldsaldo van klant',
  `Opmerking` longtext COMMENT 'Bijzonderheden i.v.m. de klant',
  PRIMARY KEY (`Klantnr`)
) ENGINE=InnoDB AUTO_INCREMENT=267 DEFAULT CHARSET=utf8;
/*!40101 SET character_set_client = @saved_cs_client */;

--
-- Dumping data for table `tblklanten`
--

LOCK TABLES `tblklanten` WRITE;
/*!40000 ALTER TABLE `tblklanten` DISABLE KEYS */;
INSERT INTO `tblklanten` VALUES (1,'Artoosje','Kleinappelstraat 17','2840','Haacht',NULL,'P',114.79,NULL),(2,'Roelants','Witteweg 24','3040','Korbeek-Lo',NULL,'P',114.79,'Onvolledige levering bestelbon 96/1258'),(3,'Dierckx','Langeveld 18','3201','Holsbeek',NULL,'P',90,'Contante betaling'),(4,'Azijn','Platte-lostraat 326','3200','Kessel-Lo',NULL,'P',107.85,NULL),(5,'Hoobergs M.','Koning Leopoldlaan 107','3180','Westerlo',NULL,'P',107.75,NULL),(6,'Camerlinckx','Slangenstraat 41','3200','Kessel-Lo',NULL,'P',107.85,NULL),(7,'Vanhentenrijk J.','Wilsonlaan 3','3200','Kessel-Lo',NULL,'P',90,'Aanvraag krediet'),(8,'Wijnants','Nachtegalenstraat 401','3202','Linden',NULL,'P',90,'Contante betaling'),(9,'Dons','Papenstraat 4','3008','Veltem',NULL,'P',106.78,NULL),(10,'Symons','Minckelersstraat 19','3000','Leuven',NULL,'P',90,'Contante betaling'),(11,'Verheyden','Boekhoutstraat 16','3211','Tielt-Winge',NULL,'P',90,'Onregelmatige bestellingen'),(12,'Coopmans','Wilselsesteenweg 77','3020','Herent',NULL,'P',90,'Aanvraag krediet'),(13,'Crabbe','Weergalmlaan 612','3200','Kessel-Lo',NULL,'P',107.85,'Klacht laattijdige levering, telefonisch gesprek 96-02-16'),(14,'Daron','De Wijngaard  1','3020','Herent',NULL,'P',90,'Contante betaling'),(15,'Stroobants','Horenweg 8','3211','Tielt-Winge',NULL,'P',90,'Contante betaling'),(16,'Roofthooft','Broekmansstraat 10','3020','Herent',NULL,'P',90,'Contante betaling'),(17,'Antonneau','Baertlaan 21','3009','Winksele','664582456','W',106.78,'Aanvraag krediet'),(18,'Hoobergs K.','Beukendreef 13','3080','Steenokkerzeel',NULL,'P',107.18,'Onregelmatige bestellingen'),(19,'Vandewyer','Budingenweg 11','3440','Zoutleeuw',NULL,'P',90,'Contante betaling'),(20,'Roelants','Wilselsesteenweg 284','3200','Kessel-Lo',NULL,'P',90,'Contante betaling'),(21,'Van Wesemael','Dijlestraat 13','2850','Keerbergen',NULL,'P',90,'Contante betaling'),(22,'Bastiaens','Beninkstraat 27','3111','Wezemaal',NULL,'P',107.35,'Aanvraag krediet'),(23,'Morrens','Koning Albertstraat 7','2800','Walem',NULL,'P',90,'Contante betaling'),(24,'Vanhentenrijk K.','Beurt 2','3211','Tielt-Winge',NULL,'P',90,'Contante betaling'),(25,'Roger','Leo Bosierlaan 28','3200','Kessel-Lo',NULL,'P',90,'Onregelmatige bestellingen'),(26,'Huenaerts','Egenhovenstraat 32','3060','Bertem',NULL,'P',90,'Contante betaling'),(27,'Van Der Sande','Werchtersesteenweg 92','3230','Betekom',NULL,'P',90,'Contante betaling'),(28,'Van Meensel','Guldendellestraat 63','3070','Kortenberg',NULL,'P',90,'Contante betaling'),(29,'Colla','Steenveldstraat 27','3202','Linden',NULL,'P',107.87,'Goederen kunnen enkel  \'s avonds geleverd worden.'),(30,'Deschepper','Platte-lostraat 224','3200','Kessel-Lo',NULL,'P',107.85,NULL),(31,'Beck','Jachtlaan 19','3030','Heverlee',NULL,'P',90,'Onregelmatige bestellingen'),(32,'Monnaie','Langehof 3','3020','Herent',NULL,'P',90,'Contante betaling'),(33,'Dirks','De Hand 7','3180','Westerlo',NULL,'P',107.75,NULL),(34,'Vandeput','Speelberg 6','3202','Linden',NULL,'P',90,'Contante betaling'),(35,'Anthonissen','Haksberg 1','3211','Tielt-Winge',NULL,'P',107.9,NULL),(36,'Valckx','Paolalaan 7','2959','Elewijt',NULL,'P',90,'Aanvraag krediet'),(37,'Wuyts','Molenheidestraat 42','3240','Langdorp',NULL,'P',90,'Contante betaling'),(38,'Keldermans','Klein Overlaar 38','3320','Hoegaarden',NULL,'P',90,'Contante betaling'),(39,'Vangoedtsenhoven','Oplintersesteenweg 529','3340','Oplinter',NULL,'P',90,'Contante betaling'),(40,'Van Langendonck','Molenveldplein 3','3200','Kessel-Lo',NULL,'P',90,'Aanvraag krediet'),(41,'Vandenbosch','Kerkstraat 64','3200','Kessel-Lo',NULL,'P',90,'Contante betaling'),(42,'Vandermotte','Geldenaaksebaan 177','3030','Heverlee',NULL,'P',90,'Contante betaling'),(43,'De Jonghe','Verbindingsbaan 64','3030','Heverlee',NULL,'P',108.42,NULL),(44,'Vrancken','Oudebaan 131','3040','Korbeek-Lo',NULL,'P',90,'Onregelmatige bestellingen'),(45,'Foulon','Kruisstraat 38','3211','Tielt-Winge',NULL,'P',107.92,'Aanvraag krediet'),(46,'Vandeputte','Beukendreef 6','3080','Steenokkerzeel',NULL,'P',90,'Contante betaling'),(47,'Engelbosch','Beatrijslaan 108','3110','Rotselaar',NULL,'P',107.35,NULL),(48,'Verstraeten','Eeuwfeeststraat 37','3200','Kessel-Lo',NULL,'P',90,'Contante betaling'),(49,'Ponsaerts','Familie de Cockstraat 27','3128','Baal',NULL,'P',90,'Contante betaling'),(50,'Lenaerts','Leeuwerikenlaan 35','1150','Brussel',NULL,'P',90,'Aanvraag krediet'),(51,'Smeuninx','Celestijnenlaan 712','3030','Heverlee',NULL,'P',90,'Onregelmatige bestellingen'),(52,'Benoit','Zonnestraat 22','1040','Brussel',NULL,'P',90,'Contante betaling'),(53,'Henderix','Sint-Jansberg 31','3860','Sint-Truiden',NULL,'P',111.54,NULL),(54,'Paenhuysen','Sportpleinstraat 1','3440','Zoutleeuw',NULL,'P',90,'Contante betaling'),(55,'Jacobs','Rue de Jodoigne 29','5940','Huppaye',NULL,'P',106.56,'Aanvraag krediet'),(56,'Peetermans','Stenenmolen 7','3270','Scherpenheuvel',NULL,'P',90,'Contante betaling'),(57,'Dekeyser','Achturenstraat 28','3200','Kessel-Lo',NULL,'P',107.85,NULL),(58,'Sellekaerts','Leuvensesteenweg 195','3210','St.joris-Winge',NULL,'P',90,'Onregelmatige bestellingen'),(59,'Vervaeck','Brouwersdreef 2','2820','Bonheiden',NULL,'P',90,'Contante betaling'),(60,'Everaerts','Rodestraat 19','3214','St-Pieters-rode',NULL,'P',107.92,'Aanvraag krediet'),(61,'Haesevoets','Onze Lieve Vrouwstraat 157','3820','Alken',NULL,'P',90,'Contante betaling'),(62,'Vanderhulst','Oude baan 65','3071','Erps-Kwerps',NULL,'P',90,'Contante betaling'),(63,'Welkenhuysen','Arnauld Nobelstraat 218','3000','Leuven',NULL,'P',90,'Contante betaling'),(64,'Van Eysendeyk','Swertmolenstraat 5','3020','Herent',NULL,'P',499.97,NULL),(65,'Helsen','Willy Coosemansstraat 200','3200','Kessel-Lo',NULL,'P',107.85,'Onregelmatige bestellingen'),(66,'Wullus','\'s Hertogenwijngaard 13','3000','Leuven',NULL,'P',90,'Contante betaling'),(67,'Vanhoef','Richard Valvekenstraat 45','3200','Kessel-Lo',NULL,'P',90,'Contante betaling'),(68,'Buts','Albert Woutersstraat 65','3010','Wilsele',NULL,'P',106.78,NULL),(69,'Nys','Koning Albertlaan 89','3200','Kessel-Lo',NULL,'P',90,'Contante betaling'),(70,'Vanhentenrijk L.','Bossestraat 16','3240','Langdorp',NULL,'P',90,'Aanvraag krediet'),(71,'Vanzavelberg','Ijzermolenstraat 154','3030','Heverlee',NULL,'P',90,'Contante betaling'),(72,'Streignaerts','Tiensestraat 201','3000','Leuven',NULL,'P',90,'Onregelmatige bestellingen'),(73,'Vermeulen','L. Ruelensstraat 12','3200','Kessel-Lo',NULL,'P',90,'Contante betaling'),(74,'Verriest','Olivetenvest 372','2800','Mechelen',NULL,'P',90,'Contante betaling'),(75,'Cantineaux','Het torentje 12','3000','Leuven',NULL,'P',106.73,'Aanvraag krediet'),(76,'Nijs','Herfstlaan 5','3200','Kessel-Lo',NULL,'P',90,'Contante betaling'),(77,'Jong','Kortrijkstraat 1','3202','Linden',NULL,'P',107.87,NULL),(78,'Maes','Leuvensesteenweg 313','2800','Mechelen',NULL,'P',90,'Contante betaling'),(79,'Vanouytsel','Broekstraat 29','3110','Rotselaar',NULL,'P',90,'Onregelmatige bestellingen'),(80,'Veugelen','Houwaartseberg 207','3215','Houwaart',NULL,'P',90,'Aanvraag krediet'),(81,'Vandevelde','Tildonksesteenweg 179','3020','Herent',NULL,'P',90,'Contante betaling'),(82,'Geebelen','Bosbergstraat 15','3320','Hoegaarden',NULL,'P',90,'Contante betaling'),(83,'Verwylen','Nieuwstraat 12','3440','Zoutleeuw',NULL,'P',90,'Contante betaling'),(84,'Vos','Smidsestraat 8','3200','Kessel-Lo',NULL,'P',201.55,NULL),(85,'Vantrappen','Esplanadelaan 13','3000','Leuven',NULL,'P',90,'Aanvraag krediet'),(86,'Crabbe','Merellaan 12','3202','Linden',NULL,'P',107.87,'Onregelmatige bestellingen'),(87,'Janssens','Kerkweg 1','3370','Boutersem',NULL,'P',90,'Contante betaling'),(88,'Vranckx','Steenveldstraat 16','3202','Linden',NULL,'P',90,'Contante betaling'),(89,'Gielis','Brugstraat 4','3370','Boutersem',NULL,'P',90,'Contante betaling'),(90,'Derde','Abdijlaan 40','3200','Kessel-Lo',NULL,'P',107.85,'Aanvraag krediet'),(91,'Henrioulle','Novemberlaan 96','3200','Kessel-Lo',NULL,'P',107.85,NULL),(92,'Dehertog','Hertogstraat 94','3030','Heverlee',NULL,'P',90,'Contante betaling'),(93,'Verbist','Rommelaar 75','3250','Rillaar',NULL,'P',90,'Onregelmatige bestellingen'),(94,'Verduyckt','Houwaartstraat 130','3202','Linden',NULL,'P',90,'Contante betaling'),(95,'Bols','Wilselesteenweg 350','3201','Holsbeek',NULL,'P',90,'Aanvraag krediet'),(96,'Vandewiele','Broekstraat 138','3030','Heverlee',NULL,'P',90,'Contante betaling'),(97,'Lenssen','Berenbroekstraat 37','3600','Genk',NULL,'P',90,'Contante betaling'),(98,'Oversteyns','Vrouwvenusstraat 4','3240','Langdorp',NULL,'P',90,'Contante betaling'),(99,'Cuyvers','Steenweg op Papenbroek 2','3290','Diest',NULL,'P',90,'Contante betaling'),(100,'Wouters','Walenstraat 20','3110','Rotselaar',NULL,'P',90,'Onregelmatige bestellingen'),(101,'Creten','Schoolstraat 3','3043','Bierbeek',NULL,'P',90,'Contante betaling'),(102,'Smets','Houwaartstraat 83','3202','Linden',NULL,'P',90,'Contante betaling'),(103,'Alma Mater','Schoolstraat 385','3020','Herent',NULL,'P',90,'Contante betaling'),(104,'Sint-Mariainstituut','Zavelstraat 10','3030','Heverlee',NULL,'P',90,'Contante betaling'),(105,'Coucheir','Pater Levenslaan 20','3200','Kessel-Lo',NULL,'P',107.85,'Aanvraag krediet'),(106,'Taels','Jan Davidtsstraat 71','3200','Kessel-Lo',NULL,'P',90,'Contante betaling'),(107,'Janssens','Kruisstraat 11','3211','Tielt-Winge',NULL,'P',107.92,'Onregelmatige bestellingen'),(108,'Scheys','Karel Schurmansstraat 45','3200','Kessel-Lo',NULL,'P',90,'Contante betaling'),(109,'Vandersmissen','Nieuwstraat 24','3370','Boutersem',NULL,'P',90,'Contante betaling'),(110,'Verstraeten','Berkelei 28','2580','Sint-Katelijne-waver',NULL,'P',90,'Aanvraag krediet'),(111,'Vandevijver','Lostraat 29','3041','Pellenberg',NULL,'P',90,'Contante betaling'),(112,'Schaumont','Langeheide 86','3052','Ottenburg',NULL,'P',90,'Contante betaling'),(113,'Philippe','Bankstraat 107','3000','Leuven',NULL,'P',90,'Contante betaling'),(114,'Vanbekbergen','Wipstraat 39','3200','Kessel-Lo',NULL,'P',90,'Onregelmatige bestellingen'),(115,'Goossens','Wambertstraat 24','193O','Zaventem',NULL,'P',90,'Contante betaling'),(116,'Demeyer','Hazenfonteinstraat 57','3031','Oud-Heverlee',NULL,'P',106.91,NULL),(117,'Vanparijs','Hazenfonteinstraat  9','3031','Oud-Heverlee',NULL,'P',90,'Contante betaling'),(118,'Decauwer','Kerkstraat 283','3200','Kessel-Lo',NULL,'P',107.85,NULL),(119,'Debraekeleer','Naamsesteenweg 21','3045','Blanden',NULL,'P',90,'Aanvraag krediet'),(120,'Cnops','Wijgmaalsesteenweg 108','3020','Herent',NULL,'P',176.76,NULL),(121,'Smets','Pastoor Dergentstraat 21','3222','Gelrode',NULL,'P',90,'Contante betaling'),(122,'Cypers','Ter dennen 6','2140','Westmalle',NULL,'P',90,'Contante betaling'),(123,'Dreesen','Diestsesteenweg 511','3200','Kessel-Lo',NULL,'P',107.85,NULL),(124,'Vanautgaerden','Regastraat 12','3000','Leuven',NULL,'P',90,'Aanvraag krediet'),(125,'Gellynck','Bondgenotenlaan 3','3000','Leuven',NULL,'P',106.73,NULL),(126,'Lacour','Regastraat 18','3000','Leuven',NULL,'P',90,'Contante betaling'),(127,'Vanderroost','Regastraat 24','3000','Leuven',NULL,'P',90,'Onregelmatige bestellingen'),(128,'Sermeus','Brugstraat 13','3118','Wakkerzeel',NULL,'P',90,'Contante betaling'),(129,'Begine','Breugelhof 104','3300','Tienen',NULL,'P',108.42,'Aanvraag krediet'),(130,'Beersmans','Schubbeek 60','3212','Lubbeek',NULL,'P',107.92,NULL),(131,'Sint-Jozef','Schaluin 28','3200','Aarschot','BE 661 192 183','W',109.83,NULL),(132,'Damia','P. Dergentlaan 220','3200','Aarschot','BE 964 470 044','W',982.64,'Tevens traiteur'),(133,'\'t Lekkerbekje','Prof. Scharpelaan 23','3130','Betekom','BE 129 941 428','T',963.01,'Korting 5 %'),(134,'Spar','Pastoor Pitetlaan 28','3130','Betekom','BE 953 359 380','W',109.41,'Grote afname.  Korting 15 %'),(135,'Natuurlijk','Peetersstraat 14','3290','Diest','BE 173 363 207','W',171.56,NULL),(136,'Mariëndal','Rozengaard 1','3290','Diest','BE 293 329 675','R',171.56,NULL),(137,'Utopia','Mariendaalstraat 44','3290','Diest','BE 582 248 424','R',1007.6,'Tevens traiteur'),(138,'Hemelbrood','Demerstraat 12','3290','Diest','BE 807 788 720','W',1007.55,'Korting 5 %'),(139,'Manna','Demerstraat 12','3290','Diest','BE 140 031 204','W',171.58,NULL),(140,'Bij Diane','Stationsstraat 89','3150','Haacht','BE 154 464 638','W',968.51,'Korting 5 %'),(141,'Carpe Diem','Stationsstraat 91','3150','Haacht','BE 564 430 676','T',168.11,NULL),(142,'Tubex','Geldenaaksebaan 277','3211','Heverlee','BE 314 481 541','W',108.59,'Onregelmatige betaler'),(143,'Vogelzang','Naamsesteenweg 355','3211','Heverlee','BE 412 235 006','W',108.59,NULL),(144,'Tabula rasa','Naamsesteenweg 355','3211','Heverlee','BE 510 004 436','R',926.99,'Tevens traiteur'),(145,'De epicurist','Groenveldstraat 32','3211','Heverlee','BE 733 351 673','W',927.16,'Korting 5 %'),(146,'Zonnebloem','Naamsesteenweg 355','3211','Heverlee','BE 450 099 379','W',108.59,NULL),(147,'Veeweide','Tremelobaan 4','3140','Keerbergen','BE 322 239 007','W',128.92,'Kaaswinkel/wijn'),(148,'Puur natuur','Jozef Pierrestraat 62','3010','Kessel-Lo (Leuven)','BE 174 410 885','W',239.26,'Grote afname.  Korting 15 %'),(149,'Comme chez Jean-Luc','Diestsestraat 163','3000','Leuven','BE 408 876 965','R',238.76,NULL),(150,'Zwarte Dan','Sint-Jacobsplein 13','3000','Leuven','BE 572 295 582','R',1763.31,'Korting 10%'),(151,'Sakura','Minderbroedersstraat 13','3000','Leuven','BE 763 342 165','R',127.18,NULL),(152,'Gezond en lekker','Oude Markt 28','3000','Leuven','BE 580 038 115','W',1763.73,'Korting 5 %'),(153,'De zevende hemel','Pater Damiaanplein 9','3000','Leuven','BE 651 188 165','R',238.76,NULL),(154,'Fijnkost','Tiensevest 60','3000','Leuven','BE 807 768 309','W',1763.41,'Grote afname.  Korting 15 %'),(155,'Tempura','Dekenstraat 3','3000','Leuven','BE 416 687 998','R',127.18,'Onregelmatige betaler'),(156,'Domus','Ch. Deberiotstraat 14','3000','Leuven','BE 797 701 568','R',1763.43,'Korting 10%'),(157,'De Brabander','Ch. Deberiotstraat 14','3000','Leuven','BE 721 100 950','R',1763.48,'Korting 10%'),(158,'Kosmos','Heuvelstraat 59-65','3090','Overijse','BE 693 335 534','W',243.2,NULL),(159,'Meirsman','Waversesteenweg 96','3090','Overijse','BE 730 083 590','T',128.3,NULL),(160,'Montfort','Aarschotsesteenweg 39','3110','Rotselaar','BE 192 230 995','T',244.19,NULL),(161,'Pan','Isabellaplein 15','3270','Scherpenheuvel','BE 773 364 057','W',252.17,'Speciaalzaak dieetvoeding'),(162,'Keizer Karel','Brusselsesteenweg 106','3080','Tervuren','BE 169 985 041','R',242.73,NULL),(163,'Bio-food','Broekstraat 31','3300','Tienen','BE 248 806 584','W',1931.03,'Kaaswinkel/wijn'),(164,'The Great Wall','O.L.V.-Broedersstraat 2','3300','Tienen','BE 950 041 465','R',1931.13,'Korting 10%'),(165,'Tubex','Waaibergstraat 93','3300','Tienen','BE 819 988 287','W',130.9,NULL),(166,'Bachus','Kruineikestraat 5','3150','Tildonk','BE 219 946 428','R',1847.24,'Korting 10%'),(167,'De kiem','Markt 1','3440','Zoutleeuw','BE 184 422 188','W',2008.75,'Korting 5 %'),(168,'De waterman','Bethaniastraat 1','3440','Zoutleeuw','BE 236 692 357','W',2009.04,'Grote afname.  Korting 15 %'),(169,'Fijn bikken','Molenberg 25','3400','Landen','BE 925 545 504','R',132.14,NULL),(170,'Wiering','Kloosterstraat 1','3400','Landen','BE 257 750 106','R',132.14,'Slechte betaler'),(171,'De vier seizoenen','Waverse Steenweg 1','3320','Hoegaarden','BE 255 591 171','R',1015.91,'Tevens traiteur'),(172,'De gedekte tafel','Burg. Geyskensstraat 11','3580','Beringen','BE 714 448 361','R',112.19,NULL),(173,'Amadeus','Hoogstraat 10','3580','Beringen','BE 664 487 633','R',1088.56,'Tevens traiteur'),(174,'De witte Moor','Kloosterstraat 9','3740','Bilzen','BE 772 288 296','R',1133.11,'Tevens traiteur'),(175,'Moolen','Sint-Lambertuslaan 15','3740','Bilzen','BE 758 884 866','T',182.71,NULL),(176,'Tafeltje dek je','Wijerstraat 28','3740','Bilzen','BE 308 846 481','T',113.18,NULL),(177,'\'t Boonje','Tongersesteenweg 84','3840','Borgloon','BE 824 458 663','R',1160.95,'Tevens traiteur'),(178,'De vierschaar','Tongersesteenweg 84','3840','Borgloon','BE 718 879 035','R',1161.17,'Tevens traiteur'),(179,'Bolleke','Witte Torenstraat 10','3960','Bree','BE 895 597 166','T',1194.39,'Korting 5 %'),(180,'Shogun','Stationsstraat 36','3590','Diepenbeek','BE 222 253 034','R',112.26,NULL),(181,'Saliën','Stationsstraat 36','3590','Diepenbeek','BE 356 606 644','T',112.26,NULL),(182,'Kermesse','Europalaan 10','3650','Dilsen-Stokkem','BE 553 330 169','R',180.51,NULL),(183,'Het groene blaadje','Dorpsstraat 30','3650','Dilsen-Stokkem','BE 355 557 528','R',1108.17,'Tevens traiteur'),(184,'Romaans goud','Mosselerlaan 110','3600','Genk','BE 204 430 649','T',179.27,NULL),(185,'Tandra','Grotestraat 25','3600','Genk','BE 578 895 690','R',112.31,NULL),(186,'De ster','Binnenlaan 13','3600','Genk','BE 629 998 359','W',1094.22,'Korting 5 %'),(187,'Kokkerellen','Weg naar As 62','3600','Genk','BE 139 943 973','T',179.27,NULL),(188,'Mandala','Collegelaan 1','3600','Genk','BE 160 097 267','R',112.31,NULL),(189,'De zwarte pot','Collegelaan 30','3600','Genk','BE 634 419 977','R',1094.17,'Tevens traiteur'),(190,'Verhaegen','Berm 12','3600','Genk','BE 838 855 078','T',112.31,NULL),(191,'Salvator','Collegestraat 25','3930','Hamont-Achel','BE 640 092 083','T',114.37,NULL),(192,'Natuur','Kleine Breemstraat 5','3500','Hasselt','BE 424 492 142','W',176.76,NULL),(193,'Macrobiotische voeding','Groenplein 6','3500','Hasselt','BE 187 710 742','W',176.76,NULL),(194,'Ying','Salvatorstraat 20','3500','Hasselt','BE 495 548 610','W',111.69,NULL),(195,'Bio-food','Guffenslaan 27','3500','Hasselt','BE 973 313 001','W',111.69,NULL),(196,'Jodokus','Maastrichtersteenweg 62','3500','Hasselt','BE 769 936 841','W',1066.2,'Grote afname.  Korting 15 %  Kredietlimiet 100 000 BEF'),(197,'Alfred','Kempensesteenweg 400','3500','Hasselt','BE 380 059 287','T',176.79,NULL),(198,'Kwak','Kempensesteenweg 400','3500','Hasselt','BE 484 460 054','W',176.79,NULL),(199,'Voeding Kris','Paardskerkhofstraat 20','3870','Heers','BE 547 701 435','W',114,NULL),(200,'De zonnebloem','Don Boscostraat 6','3530','Helchteren','BE 673 394 242','W',1074.58,'Korting 5 %'),(201,'Lucifer','Diestsesteenweg 7','3540','Herk-de-Stad','BE 381 819 974','R',177.75,NULL),(202,'Amandina','Sint-Truidensesteenweg 18','3540','Herk-de-Stad','BE 647 779 320','R',1077.41,'Tevens traiteur'),(203,'Minnen','Minderbroedersstraat 9-11','3550','Heusden-Zolder','BE 899 949 654','T',178,NULL),(204,'Troef','Dorpsstraat 18','3730','Hoeselt','BE 340 038 536','T',113.13,NULL),(205,'Vier tafels','Lyceumstraat 11','3530','Houthalen-Helchteren','BE 117 724 230','R',111.89,NULL),(206,'De paddestoel','Herebaan-West 41','3530','Houthalen-Helchteren','BE 425 553 129','R',1074.56,'Tevens traiteur'),(207,'Bio-voeding','Kloosterstraat 11','3640','Kinrooi','BE 771 159 491','W',2120.42,'Korting 5 %'),(208,'Gezond en fit','Stationsstraat 232','3620','Lanaken','BE 358 810 229','W',2109.27,'Korting 5 %'),(209,'Gym-center De trillende spier','Bessemerstraat 443','3620','Lanaken','BE 411 199 543','R',2109.17,'Korting 10%'),(210,'Fitness-centrum Jabber','Koning Albertlaan 26','3620','Lanaken','BE 747 757 018','R',2109.39,'Korting 10%'),(211,'Het karrewiel','Diestsesteenweg 3','3970','Leopoldsburg','BE 436 658 340','R',2304.43,'Korting 10%'),(212,'Ter duinen','Duinenstraat 1','3920','Lommel','BE 719 983 136','R',138.59,NULL),(213,'Ginseng','Gemeenteplein 7','3560','Lummen','BE 506 674 464','W',2075.83,'Kaaswinkel/wijn'),(214,'Anders gaan eten','Sint-Jansberg 39','3680','Maaseik','BE 173 354 334','W',135.61,NULL),(215,'Vrij leven','Eerste Straat 19','3680','Maaseik','BE 278 805 158','T',135.61,'Geprotesteerde wissel'),(216,'Marc en Andrea','Looheuvelstraat 1','3630','Maasmechelen','BE 187 725 385','W',269.97,'Grote afname.  Korting 15 %'),(217,'Kieskeurig','Parklaan 3','3630','Maasmechelen','BE 978 893 606','W',270,NULL),(218,'Kolesterol','Rijksweg 357','3630','Maasmechelen','BE 283 358 237','T',2115.09,'Korting 5 %'),(219,'Barbara','Kastanjelaan 59','3630','Maasmechelen','BE 618 810 464','W',2115.02,'Korting 5 %'),(220,'Pastorale','Europaplein 36','3630','Eisden','BE 306 662 419','R',180.01,NULL),(221,'Levenslang','Appelboomgaardstraat 2','3740','Munsterbilzen','BE 852 230 644','R',275.42,NULL),(222,'Cinderella','Stationsstraat 74','3910','Neerpelt','BE 318 896 700','R',2271.29,'Korting 10%'),(223,'Agnetendal','Kloosterstraat 27','3990','Peer','BE 795 539 341','R',2315.59,'Korting 10%'),(224,'Tuiter','Gildestraat 22','3800','Sint-Truiden','BE 174 439 992','T',137.1,NULL),(225,'Ursula','Naamsestraat 5','3800','Sint-Truiden','BE 300 003 318','R',137.1,NULL),(226,'Komkommertijd','Weg naar Diest 146','3800','Sint-Truiden','BE 172 272 508','W',137.1,NULL),(227,'Kruiden Sint Truiden','Diesterstraat 1','3800','Sint-Truiden','BE 493 335 433','W',278.45,'Enkel dranken'),(228,'Trudo','Schepen Dejongstraat 16','3800','Sint-Truiden','BE 452 282 169','W',137.1,NULL),(229,'Van Gogh','Plankstraat 11','3800','Sint-Truiden','BE 597 779 427','W',137.1,NULL),(230,'Het stille water','Hasseltsedreef 115','3512','Stevoort','BE 130 026 258','R',2048.93,'Korting 10%'),(231,'Vegetarische voeding','Stationsstraat 36','3980','Tessenderlo','BE 318 824 947','W',139.33,NULL),(232,'Totaalvoeding','Rode Kruislaan 27','3700','Tongeren','BE 135 563 330','W',135.86,NULL),(233,'Bio-centrum','Watertorenstraat 5','3700','Tongeren','BE 326 695 835','W',2153.74,'Korting 5 %'),(234,'Torenhof','Sint-Truidensteenweg 17','3700','Tongeren','BE 760 001 362','R',135.86,NULL),(235,'Het Santé Boetiekje','Sint-Jansstraat 11','3700','Tongeren','BE 627 729 653','W',2154.01,'Korting 5 %'),(236,'Decamerone','Kasteelstraat 53','3800','Zepperen','BE 963 360 165','R',2209.81,'Korting 10%'),(237,'Hof ter Zonne','Engstegenseweg 1','3520','Zonhoven','BE 827 767 468','R',133.63,NULL),(238,'Natuurvoeding Alice','Kleine Hemmenweg 4A','3520','Zonhoven','BE 554 401 040','W',264.54,NULL),(239,'\'t Graafschap','Berneauweg 163E','3798','\'s Gravenvoeren','BE 606 685 883','R',1149.4,'Tevens traiteur'),(240,'Vogelzang','Schoolstraat 1','3200','Aarschot','BE 190 021 680','R',109.83,NULL),(241,'Ja natuurlijk','Boudewijnvest 5','3290','Diest','BE 901 199 315','W',1007.78,'Korting 5 %'),(242,'Nectar','Ferdinand Allenstraat 3','3290','Diest','BE 318 858 330','W',171.58,NULL),(243,'Waasland','Vlieghavenlaan 18','3140','Keerbergen','BE 600 048 530','W',128.92,'Speciaalzaak dieetvoeding'),(244,'Verbeken','Rerum Novarumlaan 5','3010','Kessel-Lo (Leuven)','BE 597 726 190','T',127.31,NULL),(245,'Verhaert','Redingenstraat 90','3000','Leuven','BE 767 703 425','T',127.18,'Vegetarisch'),(246,'Smakelijk','Waversesteenweg 41','3090','Overijse','BE 714 492 077','W',128.3,'Kaaswinkel/wijn'),(247,'Mede','Tiensestraat 57','3400','Landen','BE 687 710 053','W',258.59,NULL),(248,'Het koninginnehapje','Sint Margrietstraat 13','3582','Koersel','BE 760 049 325','W',267.62,NULL),(249,'De erwt van de prinses','Vildersstraat 28','3500','Hasselt','BE 258 805 912','R',176.76,NULL),(250,'Cargo','Vildersstraat 3','3500','Hasselt','BE 549 972 943','T',1066.35,'Korting 5 %'),(251,'Dauwtrip','Koning Boudewijnlaan 12','3500','Hasselt','BE 509 911 471','W',1066.3,'Korting 5 %'),(252,'Hungry Hagar','Huidevettersstraat 3','3530','Houthalen-Helchteren','BE 565 522 025','R',1074.63,'Tevens traiteur'),(253,'Sofie\'s keuze','Koning Albertlaan 58','3620','Lanaken','BE 281 160 952','R',269.5,NULL),(254,'De weegschaal','Atheneumstraat 2','3970','Leopoldsburg','BE 415 583 400','W',2304.73,'Korting 5 %'),(255,'Swertmolen','Mudakkers 25','3920','Lommel','BE 350 050 365','R',138.59,NULL),(256,'Voeding Kathy','Moerenstraat 4','3700','Tongeren','BE 971 196 545','W',135.86,NULL),(257,'Levet Scone','Albertvest 86','3300','Tienen','BE 518 866 784','W',253.63,'Grote afname.  Korting 15 %'),(258,'Gezonde voeding','Weerstandsplein 1','3290','Diest','BE 582 282 734','W',1007.78,'Korting 5 %'),(259,'Alternatief eten','Hasseltweg 383','3600','Genk','BE 465 500 881','R',1093.99,'Tevens traiteur'),(260,'De wereldbol','Maastrichterstraat 10','3700','Tongeren','BE 132 203 450','R',2154.09,'Korting 10%'),(261,'Au point','Stationsstraat 125','3980','Tessenderlo','BE 377 774 708','R',287.35,NULL),(262,'Bien cuit','Elfde Liniestraat 22','3500','Hasselt','BE 137 768 041','R',176.76,NULL),(263,'Saignant','Waaiberg 5','3300','Tienen','BE 654 417 725','R',1930.71,'Korting 10%'),(264,'De lemming','Herestraat 53','3000','Leuven','BE 153 323 621','T',238.74,NULL),(265,'Hera','Millenstraat 16','3960','Bree','BE 198 800 087','T',188.17,NULL),(266,'Degreef P.','Smoldersplein 3','3000','Leuven',NULL,'P',106.73,'Aanvraag krediet');
/*!40000 ALTER TABLE `tblklanten` ENABLE KEYS */;
UNLOCK TABLES;

--
-- Table structure for table `tblleveranciers`
--

DROP TABLE IF EXISTS `tblleveranciers`;
/*!40101 SET @saved_cs_client     = @@character_set_client */;
/*!40101 SET character_set_client = utf8 */;
CREATE TABLE `tblleveranciers` (
  `leveranciernummer` int(11) NOT NULL AUTO_INCREMENT,
  `firmanaam` varchar(50) CHARACTER SET utf8mb4 DEFAULT NULL,
  `adres` varchar(50) CHARACTER SET utf8mb4 DEFAULT NULL,
  `postnr` varchar(4) CHARACTER SET utf8mb4 DEFAULT NULL,
  `gemeente` varchar(50) CHARACTER SET utf8mb4 DEFAULT NULL,
  PRIMARY KEY (`leveranciernummer`)
) ENGINE=InnoDB AUTO_INCREMENT=11 DEFAULT CHARSET=utf8;
/*!40101 SET character_set_client = @saved_cs_client */;

--
-- Dumping data for table `tblleveranciers`
--

LOCK TABLES `tblleveranciers` WRITE;
/*!40000 ALTER TABLE `tblleveranciers` DISABLE KEYS */;
INSERT INTO `tblleveranciers` VALUES (1,'Wijn en Co','Schubbeek 54','3960','Bree'),(2,'Vitis','Breugelhof 12','1040','Brussel'),(3,'Drankencentrale','Zonnestraat 64','3150','Haacht'),(4,'Alcoholica','Elfde Liniestraat 39','3500','Hasselt'),(5,'Verhulst & Zoon','Stationsstraat 124','3500','Hasselt'),(6,'Wijngroothandel Bulthé','Watertorenstraat 7','3640','Kinrooi'),(7,'De Wijnrank','Guffenslaan 72','3212','Lubbeek'),(8,'Omega','Broekstraat 13','3300','Tienen'),(9,'Dranken Lutjens','Kloosterstraat 98','3300','Tienen'),(10,'Druivennat','Witte Torenstraat 4','3700','Tongeren');
/*!40000 ALTER TABLE `tblleveranciers` ENABLE KEYS */;
UNLOCK TABLES;

--
-- Table structure for table `tblwijnen`
--

DROP TABLE IF EXISTS `tblwijnen`;
/*!40101 SET @saved_cs_client     = @@character_set_client */;
/*!40101 SET character_set_client = utf8 */;
CREATE TABLE `tblwijnen` (
  `Code` varchar(6) CHARACTER SET utf8mb4 NOT NULL,
  `Jaar` varchar(4) CHARACTER SET utf8mb4 DEFAULT NULL,
  `Naam` varchar(30) CHARACTER SET utf8mb4 DEFAULT NULL,
  `Omschrijving` varchar(50) CHARACTER SET utf8mb4 DEFAULT NULL,
  `Groepsnummer` int(11) DEFAULT NULL,
  `Inhoud` varchar(10) CHARACTER SET utf8mb4 DEFAULT NULL,
  `PrijsPerFles` double DEFAULT NULL,
  `HoeveelheidPerVerpakking` smallint(6) DEFAULT '0',
  `Voorraad` smallint(6) DEFAULT '0',
  `InBestelling` smallint(6) DEFAULT '0',
  `Bestelpunt` smallint(6) DEFAULT '0',
  `UitAssortiment` tinyint(1) NOT NULL DEFAULT '0',
  `Leveranciersnummer` int(11) DEFAULT '0',
  `foto` varchar(50) CHARACTER SET utf8mb4 DEFAULT NULL,
  PRIMARY KEY (`Code`),
  KEY `nm` (`Naam`),
  KEY `tblLeverancierstblWijnen` (`Leveranciersnummer`),
  KEY `tblWijngroepentblWijnen` (`Groepsnummer`),
  CONSTRAINT `tblWijnen_FK00` FOREIGN KEY (`Leveranciersnummer`) REFERENCES `tblleveranciers` (`leveranciernummer`) ON DELETE CASCADE ON UPDATE CASCADE,
  CONSTRAINT `tblWijnen_FK01` FOREIGN KEY (`Groepsnummer`) REFERENCES `tblwijngroepen` (`Groepsnummer`) ON DELETE CASCADE ON UPDATE CASCADE
) ENGINE=InnoDB DEFAULT CHARSET=utf8;
/*!40101 SET character_set_client = @saved_cs_client */;

--
-- Dumping data for table `tblwijnen`
--

LOCK TABLES `tblwijnen` WRITE;
/*!40000 ALTER TABLE `tblwijnen` DISABLE KEYS */;
INSERT INTO `tblwijnen` VALUES ('1027','1989','CHATEAU MARQUIS ALESME','MARGAUX MDC',43,'0,5 l',20.38,6,42,0,0,0,5,'wijn_1.jpg'),('1047','1993','CHATEAU CLARET','BARON EDMOND DE ROTHSCHILD',13,'1 l',14.38,12,57,0,20,0,2,'wijn_2.jpg'),('10531','1993','CHATEAU CLARET','BARON EDMOND DE ROTHSCHILD',13,'0,5 l',7.93,12,100,0,15,0,2,'wijn_3.jpg'),('1055','1991','CHATEAU CLARET','BARON EDMOND DE ROTHSCHILD',18,'0,75 l',16.36,12,39,0,10,0,2,'wijn_3.jpg'),('10552','1991','CHATEAU CLARET','BARON EDMOND DE ROTHSCHILD',13,'magnum',29.75,6,17,40,25,0,2,'wijn_4.jpg'),('1056','1989','CHATEAU CLARET','BARON EDMOND DE ROTHSCHILD',13,'0,75 l',18.59,6,100,0,25,0,2,'wijn_5.jpg'),('1058','1985','CHATEAU CLARET','BARON EDMOND DE ROTHSCHILD',13,'0,75 l',19.83,6,100,0,0,0,2,'wijn_6.jpg'),('1077','1991','CHATEAU DU PEYRE','BARON BENJAMIN DE ROTHSCHILD',13,'0,75 l',12.39,12,100,0,0,1,2,'wijn_7.jpg'),('1078','1989','CHATEAU DU PEYRE','BARON BENJAMIN DE ROTHSCHILD',13,'0,75 l',15.49,12,120,0,25,0,2,'wijn_8.jpg'),('1111','1988','CHATEAU MALMAY','MOULIS MEDOC MDC',12,'0,75 l',13.14,12,101,0,5,0,2,'wijn_1.jpg'),('1133','1990','CHATEAU DU MALINAY','MOULIS MEDOC MDC',12,'0,75 l',13.14,12,4,20,5,0,2,'wijn_2.jpg'),('11342','1989','CHATEAU DU MALINAY','MOULIS MEDOC MDC',12,'magnum',24.29,6,125,0,25,0,2,'wijn_3.jpg'),('1353','1994','CUVEE GASTRONOMIQUE','de MAISON MALLARD-GAULIN',16,'0,75 l',6.07,30,25,0,5,0,5,'wijn_3.jpg'),('13531','1994','CUVEE GASTRONOMIQUE','de MAISON MALLARD-GAULIN',16,'0,5 l',3.72,24,40,0,0,0,5,'wijn_4.jpg'),('1359','1994','RESERVE PIERRE ALARM','PINOT NOIR',16,'0,75 l',9.17,12,3,40,5,0,5,'wijn_5.jpg'),('1369','1991','CHATEAU GERMASSE','BOURGOGNE MDC',16,'0,75 l',13.01,12,104,0,25,0,5,'wijn_6.jpg'),('1428','1991','MARSANNAY','VIGNES',16,'0,75 l',13.63,12,61,0,25,0,5,'wijn_7.jpg'),('145','1979','CHATEAU GENISSE','PREMIER COTES DE BORDEAUX MDC',1,'0,75 l',12.07,12,39,0,10,0,4,'wijn_1.jpg'),('1474','1988','CLOS DES LAMBRES','DOMAINE DES LAMBRES',17,'0,75 l',56.4,6,20,0,0,1,5,'wijn_2.jpg'),('1476','1985','CLOS DES LAMBRES','DOMAINE DES LAMBRES',17,'0,75 l',74.37,6,76,0,30,0,5,'wijn_3.jpg'),('1482','1991','MORELLE-ST-DENIS','DOMAINE DES LAMBRES',17,'0,75 l',26.03,6,15,0,0,0,5,'wijn_3.jpg'),('1483','1988','MORELLE-ST-DENIS','DOMAINE DES LAMBRES',17,'0,75 l',27.89,6,49,0,30,0,5,'wijn_4.jpg'),('1484','1986','MORELLE-ST-DENIS','DOMAINE DES LAMBRES',17,'0,75 l',29,6,26,0,0,1,5,'wijn_5.jpg'),('1488','1991','MORELLE-ST-DENIS VILLAGE','DOMAINE PARIS',17,'0,75 l',19.83,6,0,0,0,1,5,'wijn_6.jpg'),('1489','1990','MORELLE-ST-DENIS VILLAGE','DOMAINE PARIS',17,'0,75 l',22.93,6,10,0,15,0,5,'wijn_7.jpg'),('1496','1985','BONNE-MARE','CHAT DE CAMBOL-MUSIGNE',17,'0,75 l',63.21,6,0,70,20,0,5,'wijn_8.jpg'),('1504','1990','CAMBOL-MUSIGNE','LES AMOUREUSES',17,'0,75 l',36.56,6,9,40,25,0,5,'wijn_1.jpg'),('1505','1990','CAMBOL-MUSIGNE','LES FUEES',17,'0,75 l',28.51,6,112,0,20,0,5,'wijn_2.jpg'),('1508','1990','CAMBOL-MUSIGNE','CHAT DE CAMBOL-MUSIGNE',17,'0,75 l',29.75,6,111,0,15,0,5,'wijn_3.jpg'),('1509','1989','CAMBOL-MUSIGNE','CHAT DE CAMBOL-MUSIGNE',17,'0,75 l',24.42,6,20,0,15,0,5,'wijn_3.jpg'),('1513','1983','CLOS DU VEUVE','DOMAINE DU FRANTI',17,'0,75 l',68.17,6,112,0,20,0,5,'wijn_4.jpg'),('1567','1988','ALOXE CORTE','DOMAINE SAIER RESERVE',18,'0,75 l',27.27,6,12,50,25,0,5,'wijn_5.jpg'),('1568','1986','ALOXE CORTE','CLOS LES MAREC',18,'0,75 l',30.99,6,17,0,15,0,5,'wijn_6.jpg'),('1575','1986','CLOS LES MAREC','DOMAINE SAIE',18,'0,75 l',39.66,6,69,0,5,0,5,'wijn_1.jpg'),('1576','1983','CLOS LA VIGNE AU SOL','DOMAINE BELLAN',18,'0,75 l',31.73,6,123,0,30,0,5,'wijn_2.jpg'),('1577','1982','CLOS LA VIGNE AU SOL','DOMAIEN BELLAN',18,'0,75 l',29.75,6,85,0,10,0,5,'wijn_3.jpg'),('1585','1991','CHATEAU DE CHOREY-LES-BEL','BEAUNE MDC',18,'0,75 l',16.86,12,26,0,0,1,5,'wijn_3.jpg'),('15851','1991','CHATEAU DE CHOREY-LES-BEL','BEAUNE MDC',18,'0,5 l',8.18,12,17,0,25,0,5,'wijn_4.jpg'),('161','1993','CHATEAU DE PIRAS','DOMAINE DE CASTILLON MDC',2,'0,75 l',8.87,12,15,0,10,0,2,'wijn_5.jpg'),('1611','1993','CHATEAU DE PIRAS','DOMAINE DE CASTILLON MDC',2,'0,5 l',5.65,30,100,0,0,0,2,'wijn_6.jpg'),('1612','1993','CHATEAU DE PIRAS','DOMAINE DE CASTILLON MDC',2,'magnum',14.58,12,29,0,0,1,2,'wijn_7.jpg'),('1624','1983','VOLNAISSE','LABAUME AINER',18,'0,75 l',24.79,6,100,0,15,0,5,'wijn_8.jpg'),('168','1991','CHATEAU DE PIRAS','DOMAINE DE CASTILLON MDC',2,'0,75 l',8.06,12,31,0,0,0,2,'wijn_1.jpg'),('176','1994','CHATEAU PARICES','DOMAINE DE CASTILLON MDC',2,'0,75 l',5.85,30,22,30,30,0,2,'wijn_2.jpg'),('1761','1994','CHATEAU PARICES','DOMAINE DE CASTILLON MDC',2,'0,5 l',3.25,24,86,0,0,0,2,'wijn_3.jpg'),('17691','1995','BEAUJOLAIS-VILLAGES','ANDRE DEPARD',19,'0,5 l',4.83,24,5,70,15,0,4,'wijn_3.jpg'),('1770','1994','BEAUJOLAIS-VILLAGES','ANDRE DEPARD',19,'0,75 l',7.81,12,95,0,0,0,4,'wijn_4.jpg'),('1771','1993','BEAUJOLAIS-VILLAGES','ANDRE DEPARD',19,'0,75 l',8.06,12,36,0,0,0,4,'wijn_5.jpg'),('17821','1995','SAINT-AMOUR','VIGNE DE LA COTE DE BEST',19,'0,5 l',6.2,30,15,70,25,0,4,'wijn_6.jpg'),('1784','1993','SAINT-AMOUR','VIGNE DE LA COTE DE BEST',19,'0,75 l',10.41,12,10,0,15,0,4,'wijn_1.jpg'),('1795','1990','REGINE','DOMAINE DU LABOUR',19,'0,75 l',9.54,12,65,0,30,0,4,'wijn_2.jpg'),('1801','1993','MOULIN A VENTOUX','LES BURDELAIS',19,'0,75 l',10.54,12,20,0,10,0,4,'wijn_3.jpg'),('1829','1995','BROUILLARD','DOMAINE DU PETIT PASSOIR',19,'0,75 l',10.29,12,38,0,25,0,4,'wijn_3.jpg'),('1830','1994','BROUILLARD','DOMAINE DU PETIT PASSOIR',19,'0,75 l',9.92,12,0,0,0,1,4,'wijn_4.jpg'),('1832','1992','BROUILLARD','DOMAINE DU PETIT PASSOIR',19,'0,75 l',9.3,12,21,0,10,0,4,'wijn_5.jpg'),('185','1993','PREMIER VIN DU CHAT DE PIRAS','DOMAINE DE CASTILLON MDC',2,'0,75 l',9.79,12,24,0,5,0,2,'wijn_6.jpg'),('1851','1993','CUVEE SAINT ANTONIE','COTES DU RHONE MP',20,'0,75 l',5.58,30,115,0,20,0,5,'wijn_7.jpg'),('1855','1994','CHATEAU ESTEFFE','COTES DU RHONE MDC',20,'0,75 l',8.68,12,21,10,30,0,5,'wijn_8.jpg'),('18571','1992','CHATEAU ESTEFFE','COTES DU RHONE MDC',20,'0,5 l',4.83,24,36,0,20,0,5,'wijn_1.jpg'),('1861','1994','DOMAINE DE RENARD','COTES DU RHONE VILLAGE MD',20,'0,75 l',7.93,12,62,0,20,0,5,'wijn_2.jpg'),('18611','1994','DOMAINE DE RENARD','COTES DU RHONE VILLAGES MD',20,'0,5 l',4.34,24,79,0,0,0,5,'wijn_3.jpg'),('1936','1990','CHATEAU LA NERT','CHATEAUNEUF-DU-PAPE MDC',21,'0,75 l',17.35,12,19,0,0,0,4,'wijn_3.jpg'),('1941','1991','CHATEAUNEUF VENEUR','CHATEAUNEUF DU PAPE MD',21,'0,75 l',14.25,12,113,0,25,0,4,'wijn_4.jpg'),('1946','1992','CHATEAU CUVEE CADETTES','CHATEAUNEUF-DU-PAPE MDC',21,'0,75 l',30.37,6,17,0,0,0,4,'wijn_5.jpg'),('1948','1990','CHATEAU CUVEE CADETTES','CHATEAUNEUF-DU-PAPE MDC',21,'0,75 l',22.68,6,100,0,5,0,4,'wijn_6.jpg'),('206','1993','DOMAINE DE LA GRAVE','BORDEAUX SUPERIEUR MD',1,'0,75 l',7.06,30,17,40,25,0,4,'wijn_1.jpg'),('2061','1994','LOUIS DE BELASSE','COSTIERES DE NIMES MDC',22,'0,75 l',6.94,30,22,80,30,0,3,'wijn_2.jpg'),('20631','1993','LOUIS DE BELASSE','COSTIERES DE NIMES MDC',22,'0,5 l',4.59,24,100,0,0,0,3,'wijn_3.jpg'),('2069','1993','LE DAUPHIN DES ROSES','COSTIERES DE NIMES MDC',22,'0,75 l',7.19,30,100,0,20,0,3,'wijn_3.jpg'),('20711','1991','LE DAUPHIN DES ROSES','COSTIERES DE NIMES MDC',22,'0,5 l',4.71,24,52,0,10,0,3,'wijn_4.jpg'),('2077','1991','CHATEAU LES ROZES PRESTIGE    ','COSTIERES DE NIMES MDC',22,'0,75 l',9.92,12,6,10,15,0,3,'wijn_5.jpg'),('2113','1994','DOMAINE DE FRESQUE','MERLOT',23,'0,75 l',5.58,30,26,0,15,0,2,'wijn_6.jpg'),('21131','1994','DOMAINE DE FRESQUE','MERLOT',23,'0,5 l',3.1,24,15,10,30,0,2,'wijn_7.jpg'),('2119','1994','DOMAINE DE SAINT-ALBERT','SYRA',23,'0,75 l',8.68,12,26,0,0,0,2,'wijn_8.jpg'),('2121','1993','DOMAINE DE SAINT-ALBERT','CABERNET-SAUVIGNON',23,'0,75 l',9.17,12,14,0,0,0,2,'wijn_1.jpg'),('2122','1994','DOMAINE DE SAINT-ALBERT','CABERNET-SAUVIGNON',23,'0,75 l',9.17,12,101,0,5,0,2,'wijn_2.jpg'),('2125','1991','CHATEAU CANO','CORBIERES MDC',24,'0,75 l',6.82,30,4,20,5,0,2,'wijn_3.jpg'),('2134','1994','CHATEAU CAMPLO','CORBIERES MDC',24,'0,75 l',5.21,30,125,0,25,0,2,'wijn_3.jpg'),('21341','1994','CHATEAU CAMPLO','CORBIERES MDC',24,'0,5 l',3.1,24,57,0,20,0,2,'wijn_4.jpg'),('2140','1993','DOMAINE AZASSE','CABARDES MD',24,'0,75 l',5.58,30,100,0,15,0,2,'wijn_5.jpg'),('2158','1992','LAZENAS LA RESERVE','DOMAINE DU ROUSSILLON MP',25,'0,75 l',5.33,30,39,0,10,0,2,'wijn_6.jpg'),('21581',NULL,'LAZENAS LA RESERVE','DOMAINE DU ROUSSILLON MP',25,'0,5 l',2.73,24,17,40,25,0,2,'wijn_1.jpg'),('2168','1992','CHATEAU LE COMMANDANT','DOMAINE DU ROUSSILLON MDC',25,'0,75 l',5.58,30,100,0,25,0,2,'wijn_2.jpg'),('21681','1992','CHATEAU LE COMMANDANT','DOMAINE DU ROUSSILLON MDC',25,'0,5 l',2.97,24,100,0,0,0,2,'wijn_3.jpg'),('2220','1989','CHATEAU MONTI','MADIRA GRAND CRU MDC',26,'0,75 l',14.13,12,100,0,0,1,5,'wijn_3.jpg'),('2222','1988','CHATEAU MONTI','MADIRA GRAND CRU MDC',26,'0,75 l',11.9,12,120,0,25,0,5,'wijn_4.jpg'),('230','1986','CHATEAU  TOUR','BORDEAUX SUPERIEUR MDC',1,'magnum',17.72,6,100,0,25,0,4,'wijn_5.jpg'),('2312','1994','SAUMUR CHAMPORD','DOMAINE DU RUA',27,'0,75 l',8.92,12,15,0,10,0,6,'wijn_6.jpg'),('23121','1994','SAUMUR CHAMPORD','DOMAINE DU RUA',27,'0,5 l',4.96,30,100,0,0,0,6,'wijn_7.jpg'),('2314','1992','SAUMUR CHAMPORD','DOMAINE DU RUA',27,'0,75 l',8.92,12,29,0,0,1,6,'wijn_8.jpg'),('2339','1994','SANCERRE VATANNE','MOULIN BELEL',27,'0,75 l',14.01,12,31,0,0,0,6,'wijn_1.jpg'),('23391','1994','SANCERRE VATANNE','MOULIN BELEL',27,'0,5 l',8.06,12,22,30,30,0,6,'wijn_2.jpg'),('235','1993','CHATEAU LES GRAND BORNAY','BORDEAUX SUPERIEUR MDC',1,'0,75 l',7.49,12,100,0,0,0,4,'wijn_3.jpg'),('2351','1993','CHATEAU LES GRAND BORNAY','BORDEAUX SUPERIEUR MDC',1,'0,5 l',5.16,30,100,0,0,1,4,'wijn_3.jpg'),('2382','1989','DIEZMO CRIANZA','RIOJA MD',28,'0,75 l',6.94,30,86,0,0,0,6,'wijn_4.jpg'),('2388','1987','DIEZMO RESERVA','RIOJA MD',28,'0,75 l',9.84,12,24,0,5,0,6,'wijn_5.jpg'),('2390','1994','MARQUES DE GRINON','RIOJA MD',28,'0,75 l',6.69,30,35,0,0,0,6,'wijn_6.jpg'),('2396','1993','DOMINIO DE VALDEPUSA SYRAH','DE MARQUES DE GRINON',28,'0,75 l',16.11,12,100,0,5,0,6,'wijn_1.jpg'),('243','1992','CHATEAU HAUT-MARGIAC','BORDEAUX SUPERIEUR MDC',1,'0,75 l',6.82,30,120,0,25,0,4,'wijn_2.jpg'),('2602','1993','CHATEAU CHATAGNAC','BORDEAUX MP',29,'0,75 l',4.71,24,29,0,10,0,6,'wijn_3.jpg'),('2606','1994','CHATEAU LA MOUR','BORDEAUX SAUVIGNON MDC',29,'0,75 l',5.21,30,0,0,0,1,6,'wijn_3.jpg'),('26061','1994','CHATEAU LA MOUR','BORDEAUX SAUVIGNON MDC',29,'0,5 l',3.1,24,42,0,0,0,6,'wijn_4.jpg'),('26071','1993','CHATEAU LA MOUR','BORDEAUX SAUVIGNON MDC',29,'0,5 l',3.1,24,25,0,5,0,6,'wijn_5.jpg'),('2614','1993','DOMAINE DU BARRAGE','BORDEAUX MD',29,'0,75 l',6.82,30,40,0,0,0,6,'wijn_6.jpg'),('2615','1988','OPTIMAS LE VRAI CAILLOU','BORDEAUX MD',29,'0,75 l',8.06,12,3,40,5,0,6,'wijn_7.jpg'),('2625','1994','LE MERLE NOIR','BARON EDDY DE ROTHSCHILD',29,'0,75 l',14.87,12,104,0,25,0,6,'wijn_8.jpg'),('2634','1994','CHATEAU HAUT-MARGESSE','GRAVES DE VARE BLANC MDC',29,'0,75 l',6.94,30,61,0,25,0,6,'wijn_1.jpg'),('2662','1994','CHATEAU DOMMES','GRAVES MDC',30,'0,75 l',7.44,30,20,0,0,1,6,'wijn_2.jpg'),('26621','1994','CHATEAU DOMMES','GRAVES MDC',30,'0,5 l',4.59,24,76,0,30,0,6,'wijn_3.jpg'),('2706','1995','GRAND DARTELLE','BERGERAC MP',31,'0,75 l',5.58,30,15,0,0,0,6,'wijn_3.jpg'),('27071','1995','GRAND DARTELLE','BERGERAC MP',31,'0,5 l',3.1,24,49,0,30,0,6,'wijn_4.jpg'),('2715','1995','CHATEAU LE JUGE','BERGERAC MDC',31,'0,75 l',5.58,30,26,0,0,1,6,'wijn_5.jpg'),('27160','1994','CHATEAU LE JUGE','BERGERAC MDC',31,'0,5 l',3.59,24,0,0,0,1,6,'wijn_6.jpg'),('273','1993','CHATEAU CASTEL SAUMUR','DOMAINE DE BOURG MDC',3,'0,75 l',5.83,30,35,0,0,0,4,'wijn_7.jpg'),('2731','1993','CHATEAU CASTEL SAUMUR','DOMAINE DE BOURG MDC',3,'0,5 l',3.62,24,100,0,5,0,4,'wijn_1.jpg'),('2755','1995','CHATEAU LE RASSE SAUVIGNE','BERGERAC MDC',31,'0,75 l',6.45,30,10,0,15,0,6,'wijn_2.jpg'),('27551','1995','CHATEAU LE RASSE SAUVIGNE','BERGERAC MDC',31,'0,5 l',3.47,24,0,70,20,0,6,'wijn_3.jpg'),('2757','1993','CHATEAU LE RASSE SAUVIGNE','BERGERAC MDC',31,'0,75 l',7.44,30,9,40,25,0,6,'wijn_3.jpg'),('27571','1993','CHATEAU LE RASSE SAUVIGNE','BERGERAC MDC',31,'0,5 l',3.97,24,112,0,20,0,6,'wijn_4.jpg'),('2768','1995','CHATEAU LE BOSSE','MONTRAVEL MDC',31,'0,75 l',7.81,12,111,0,15,0,6,'wijn_5.jpg'),('2775','1993','CHATEAU LE RASSE FUT DE CHENE','MONTRAVEL MDC',31,'0,75 l',9.92,12,20,0,15,0,6,'wijn_6.jpg'),('2859','1994','MACON-VERGIS GUERRE','MACON VERGISSE MP',32,'0,75 l',9.17,12,112,0,20,0,7,'wijn_7.jpg'),('28591','1994','MACON-VERGIS GUERRE','MACON VERGISSE MP',32,'0,5 l',5.45,30,12,50,25,0,7,'wijn_8.jpg'),('287','1990','CHATEAU LAGESSE','PREMIERES DOMAINE DE BLAYE MDC',3,'0,75 l',7.98,12,29,0,10,0,4,'wijn_1.jpg'),('2871','1990','CHATEAU LAGESSE','PREMIERES DOMAINE DE BLAYE MDC',3,'0,5 l',6,30,0,0,0,1,4,'wijn_2.jpg'),('2876','1994','MACON-VERGIS LA ROCHE','CUVEE PRESTIGE DE GUERRE MP',32,'0,75 l',10.41,12,17,0,15,0,7,'wijn_3.jpg'),('2877','1993','MACON-VERGIS LA ROCHE','CUVEE PRESTIGE DE GUERRE MP',32,'0,75 l',10.66,12,69,0,5,0,7,'wijn_3.jpg'),('2894','1994','MACON VILLAGES','DE CHATEAU DE FUISSE',32,'0,75 l',7.31,30,123,0,30,0,7,'wijn_1.jpg'),('2922','1994','SAINT-VERA GUERRE','SAINT VERA MP',32,'0,75 l',9.67,12,85,0,10,0,7,'wijn_2.jpg'),('29221','1994','SAINT VERA GUERRE','SAINT VERA MP',32,'0,5 l',5.45,30,26,0,0,1,7,'wijn_3.jpg'),('2937','1994','SAINT-VERA CUVEE PRESTIGE','ELEVEE EN FUT DE CHENE',32,'0,75 l',11.16,12,17,0,25,0,7,'wijn_3.jpg'),('2938','1993','SAINT-VERA CUVEE PRESTIGE','ELEVEE EN FUT DE CHENE',32,'0,75 l',11.77,12,100,0,15,0,7,'wijn_4.jpg'),('2944','1994','SAINT-VERA','DE CHATEAU DE FUISSE',32,'0,75 l',8.68,12,5,70,15,0,7,'wijn_5.jpg'),('295','1989','CHATEAU LES BELLES','PREMIERES DOMAINE DE BLAYE MDC',3,'0,75 l',8.8,12,42,0,0,0,4,'wijn_6.jpg'),('2956','1994','POUILLY-FUISSE GUERRE','POUILLY FUISSE MP',33,'0,75 l',13.51,12,95,0,0,0,7,'wijn_7.jpg'),('2958','1993','POUILLY-FUISSE GUERRE','POUILLY-FUISSE MP',33,'0,75 l',14.75,12,36,0,0,0,7,'wijn_8.jpg'),('29581','1993','POUILLY-FUISSE DE GUERRE','POUILLY-FUISSE MP',33,'0,5 l',7.44,30,15,70,25,0,7,'wijn_1.jpg'),('29601','1990','POUILLY FUISSE GUERRE','POUILLY-FUISSE MP',33,'0,5 l',8.92,12,10,0,15,0,7,'wijn_2.jpg'),('297','1993','CHATEAU LES BELLES','VIEILLI EN FUTS DE CHENE',3,'0,75 l',9.79,12,25,0,5,0,4,'wijn_3.jpg'),('2971','1993','CHATEAU LES BELLES','VIEILLI EN FUTS DE CHENE',3,'0,5 l',4.96,30,40,0,0,0,4,'wijn_3.jpg'),('2975','1994','POUILLY FUISSE VIGNOBLE','POUILLY FUISSE DE GUERRE MP',33,'0,75 l',15.12,12,65,0,30,0,7,'wijn_4.jpg'),('2976','1993','POUILLY-FUISSE VIGNOBLE','POUILLY-FUISSE DE GUERRE MP',33,'0,75 l',15.62,12,20,0,10,0,7,'wijn_5.jpg'),('2984','1994','CHATEAU DE FUISSE','POUILLY FUISSE MDC',33,'0,75 l',22.19,6,38,0,25,0,7,'wijn_6.jpg'),('2986','1989','CHATEAU DE FUISSE','POUILLY-FUISSE MDC',33,'0,75 l',28.51,6,0,0,0,1,7,'wijn_7.jpg'),('3000','1995','CUVEE GASTRONOMIE','VIN DE TABLE MP',34,'0,75 l',5.58,30,21,0,10,0,7,'wijn_1.jpg'),('30001','1995','CUVEE GASTRONOMIE','VIN DE TABLE MP',34,'0,5 l',3.72,24,115,0,20,0,7,'wijn_2.jpg'),('3005','1995','BOURGOGNE ALIGOTE GRAND ROCHE','BOURGOGNE ALIGOTE MD',34,'0,75 l',9.05,12,21,10,30,0,7,'wijn_3.jpg'),('3010','1992','BOURGOGNE CHARDONNAY','BOURGOGNE MD',34,'0,75 l',9.3,12,36,0,20,0,7,'wijn_3.jpg'),('3014','1987','BOURGOGNE LATOUR-GIRAUD','BOURGOGNE MD',34,'0,75 l',13.63,12,62,0,20,0,7,'wijn_4.jpg'),('30141','1987','BOURGOGNE CHARDONNAY','BOURGOGNE MD',34,'0,5 l',8.06,12,79,0,0,0,7,'wijn_5.jpg'),('3018','1994','PETIT CHABLIS MARRONNIERS','PETIT CHABLIS MD',35,'0,75 l',11.16,12,19,0,0,0,7,'wijn_6.jpg'),('3026','1994','CHABLIS DOMAINE MARRONNIERS','CHABLIS MD',35,'0,75 l',12.39,12,113,0,25,0,7,'wijn_7.jpg'),('30261','1994','CHABLIS DOMAINE MARRONNIERS','CHABLIS MD',35,'0,5 l',7.06,30,17,0,0,0,7,'wijn_8.jpg'),('3032','1994','CHABLIS MONTMAINS','CHABLIS 1e CRU MD',35,'0,75 l',15.62,12,100,0,5,0,7,'wijn_1.jpg'),('30321','1994','CHABLIS MONTMAINS','CHABLIS 1e CRU MD',35,'0,5 l',5.58,30,22,80,30,0,7,'wijn_2.jpg'),('30331','1993','CHABLIS MONTMAINS','CHABLIS 1e CRU MD',35,'0,5 l',7.93,12,100,0,0,0,7,'wijn_3.jpg'),('307','1995','GRAND DARTE','BERGERAC MP',4,'0,75 l',5.48,30,3,40,5,0,3,'wijn_3.jpg'),('30710','1996','GRAND DARTE','BERGERAC MP',4,'magnum',9.42,12,104,0,25,0,3,'wijn_4.jpg'),('3081','1994','GRAND DARTE','BERGERAC MP',4,'0,5 l',3.1,24,61,0,25,0,3,'wijn_5.jpg'),('3100','1986','MEURSAULT-GENEVRIERES','MEURSAULT MD',35,'0,75 l',39.04,6,100,0,20,0,7,'wijn_6.jpg'),('3210','1994','CHATEAU ESTEVE','COTES DU RHONE BLANC MDC',36,'0,75 l',8.68,12,52,0,10,0,7,'wijn_1.jpg'),('3213','1991','CHATEAU ESTEVE','COTES DU RHONE BLANC MDC',36,'0,75 l',9.3,12,6,10,15,0,7,'wijn_2.jpg'),('32131','1991','CHATEAU ESTEVE','COTES DU RHONE BLANC MDC',36,'0,5 l',4.83,24,26,0,15,0,7,'wijn_3.jpg'),('323','1992','CHATEAU LE BOST','BERGERAC MDC',4,'0,75 l',7.19,30,20,0,0,1,3,'wijn_3.jpg'),('3231','1992','CHATEAU LE BOST','BERGERAC MDC',4,'0,5 l',4.09,24,76,0,30,0,3,'wijn_4.jpg'),('3235','1992','CHATEAU LA NERTHE NOIRE','CHATEAUNEUF-DU-PAPE MDC',37,'0,75 l',17.97,6,15,10,30,0,8,'wijn_5.jpg'),('3247','1993','CLOS DE BEAUVE','CHATEAUNEUF DU PAPE MDC',37,'0,75 l',30.61,6,26,0,0,0,8,'wijn_6.jpg'),('3269','1993','DOMAINE DE RIMAURE','CRU CLASSE',38,'0,75 l',10.54,12,14,0,0,0,8,'wijn_7.jpg'),('327','1992','CHATEAU LE RAZ','BERGERAC MDC',4,'0,75 l',7.41,30,15,0,0,0,3,'wijn_8.jpg'),('32701','1992','DOMAINE DE RIMAURE','CRU CLASSE',38,'0,5 l',5.58,30,101,0,5,0,8,'wijn_1.jpg'),('3271','1992','CHATEAU LE RAZ','BERGERAC MDC',4,'0,5 l',3.59,24,49,0,30,0,3,'wijn_2.jpg'),('3272','1992','CHATEAU LE RAZ','BERGERAC MDC',4,'magnum',14.87,12,26,0,0,1,3,'wijn_3.jpg'),('328','1990','CHATEAU LE RAZ','BERGERAC MDC',4,'0,75 l',8.06,12,0,0,0,1,3,'wijn_3.jpg'),('3282','1990','CHATEAU LE RAZ','BERGERAC MDC',4,'magnum',16.11,12,10,0,15,0,3,'wijn_4.jpg'),('329','1989','CHATEAU LE RAZ','BERGERAC MDC',4,'0,75 l',8.06,12,0,70,20,0,3,'wijn_5.jpg'),('3324','1994','CHAPELLE SAINTE-MARIE','CHARDONNAY',39,'0,75 l',6.57,30,4,20,5,0,8,'wijn_6.jpg'),('33241','1994','CHAPELLE SAINTE-MARIE','CHARDONNAY',39,'0,5 l',4.09,24,125,0,25,0,8,'wijn_1.jpg'),('3337','1994','DOMAINE DE FRESSE','CHARDONNAY',39,'0,75 l',7.19,30,57,0,20,0,8,'wijn_2.jpg'),('3341','1994','DOMAINE DE SAINTE-MARIE','CHARDONNAY',39,'0,75 l',9.3,12,100,0,15,0,8,'wijn_3.jpg'),('3358','1994','MARQUIS DE MONTFORT','CHARDONNAY',39,'0,75 l',4.96,30,39,0,10,0,8,'wijn_3.jpg'),('3410','1995','SAUVIGNON PHILIP DE CHARME','DOMAINE DE LA LOUVESSE',40,'0,75 l',4.96,30,17,40,25,0,8,'wijn_4.jpg'),('3458','1994','MUSCADET SUR LIE LOUVESSE','DOMAINE DE LA LOUVESSE',40,'0,75 l',5.21,30,100,0,25,0,8,'wijn_5.jpg'),('34581','1994','MUSCADET SUR LIE LOUVESSE','DOMAINE DE LA LOUVESSE',40,'0,5 l',4.21,24,100,0,0,0,8,'wijn_6.jpg'),('34611','1992','MUSCADET SUR LIE LOUVESSE','DOMAINE DE LA LOUVESSE',40,'0,5 l',4.59,24,100,0,0,1,8,'wijn_7.jpg'),('3480','1988','MUSCADET CUVEE PRESTIGE','DOMAINE DE LA LOUVESSE',40,'0,75 l',11.77,12,120,0,25,0,8,'wijn_8.jpg'),('351','1990','CHATEAU LE RAZ  FUT CHENE','DOMAINE DE BERGERAC MDC',4,'0,75 l',10.04,12,9,40,25,0,3,'wijn_1.jpg'),('3532','1994','SANCERRE LE GRAND PIERRE','CUVEE SPECIALE',41,'0,75 l',8.06,12,15,0,10,0,9,'wijn_2.jpg'),('35321','1994','SANCERRE LE GRAND PIERRE','CUVEE SPECIALE',41,'0,5 l',6.82,30,100,0,0,0,9,'wijn_3.jpg'),('35341','1993','SANCERRE LE GRAND PIERRE','CUVEE SPECIALE',41,'0,5 l',6.82,30,29,0,0,1,9,'wijn_3.jpg'),('3548','1994','SANCERRE DOMAINE CHARMANT','CUVEE SPECIALE',41,'0,75 l',13.01,12,31,0,0,0,9,'wijn_4.jpg'),('3564','1994','POUILLY FUME LE BERGER','CUVEE SPECIALE',41,'0,75 l',11.03,12,22,30,30,0,9,'wijn_5.jpg'),('35681','1990','POUILLY FUME LE BERGER','CUVEE SPECIALE',41,'0,5 l',8.06,12,86,0,0,0,9,'wijn_6.jpg'),('3583','1993','POUILLY FUME LE BERGER','CUVEE SPECIALE',41,'0,75 l',13.63,12,24,0,5,0,9,'wijn_1.jpg'),('3606','1994','PINOT BLANC MOULE','CUVEE TRADITION',42,'0,75 l',6.69,30,35,0,0,0,9,'wijn_2.jpg'),('36061','1994','PINOT BLANC MOULE','CUVEE TRADITION',42,'0,5 l',3.89,24,100,0,5,0,9,'wijn_3.jpg'),('36071','1992','PINOT BLANC MOULE','CUVEE TRADITION',42,'0,5 l',3.89,24,29,0,10,0,9,'wijn_3.jpg'),('3613','1994','TOKAY PINOT GRIS LA FONTASSE','CUVEE TRADITION',42,'0,75 l',8.68,12,0,0,0,1,9,'wijn_4.jpg'),('36131','1994','TOKAY PINOT GRIS LA FONTASSE','CUVEE TRADITION',42,'0,5 l',4.66,24,42,0,0,0,9,'wijn_5.jpg'),('3615','1993','TOKAY PINOT GRIS LA FONTASSE','CUVEE TRADITION',42,'0,75 l',8.7,12,25,0,5,0,9,'wijn_6.jpg'),('36151','1993','TOKAY PINOT GRIS LA FONTASSE','CUVEE TRADITION',42,'0,5 l',4.66,24,40,0,0,0,9,'wijn_7.jpg'),('3624','1993','PINOT GRIS TOKAY GRAND CRU','CUVEE TRADITION',42,'0,75 l',17.1,12,3,40,5,0,9,'wijn_8.jpg'),('3633','1994','RIESLING LES EPISSES','CUVEE TRADITION',42,'0,75 l',7.44,30,104,0,25,0,9,'wijn_1.jpg'),('3634','1993','RIESLING LES EPISSES','CUVEE TRADITION',42,'0,75 l',7.44,30,61,0,25,0,9,'wijn_2.jpg'),('36341','1995','RIESLING LES EPISSES','CUVEE TRADITION',42,'0,5 l',4.49,24,20,0,0,1,9,'wijn_3.jpg'),('36351','1991','RIESLING LES EPISSES','CUVEE TRADITION',42,'0,5 l',4.81,24,76,0,30,0,9,'wijn_3.jpg'),('3637','1994','GEWURZTRAMINER LA MOUSSE','CUVEE TRADITION',42,'0,75 l',8.68,12,15,0,0,0,9,'wijn_4.jpg'),('36381','1992','GEWURZTRAMINER LA MOUSSE','CUVEE TRADITION',42,'0,5 l',4.96,30,49,0,30,0,9,'wijn_5.jpg'),('3646','1992','GEWURZTRAMINER GRAND CRU','CUVEE TRADITION',42,'0,75 l',15.37,12,26,0,0,1,9,'wijn_6.jpg'),('3650','1992','MUSCAT LES MURES','CUVEE TRADITION',42,'0,75 l',8.08,12,0,0,0,1,9,'wijn_1.jpg'),('3753','1993','SPRUNG MULLER THURGAU    ','RHEINHESSEN ',43,'0,75 l',7.81,12,10,0,15,0,9,'wijn_2.jpg'),('3760','1992','ROSENGARTEN BACCHUS','RHEINHESSEN KABINETT',43,'0,75 l',9.3,12,0,70,20,0,9,'wijn_3.jpg'),('3772','1994','WEISSER BURGUNDER BRENT','RHEINHESSEN SPATLESE TROCKEN',43,'0,75 l',11.03,12,9,40,25,0,9,'wijn_3.jpg'),('3776','1993','ROSENGARTEN KERNER','RHEINHESSEN SPATLESE',43,'0,75 l',10.29,12,112,0,20,0,9,'wijn_4.jpg'),('3784','1992','ROSENGARTEN RIESLING','RHEINESSEN AUSLESE',43,'0,75 l',11.77,12,111,0,15,0,9,'wijn_1.jpg'),('411','1994','CHATEAU LA FLEUR MUSSET','SAINT-EMILION MDC',5,'0,75 l',10.29,12,112,0,20,0,2,'wijn_2.jpg'),('4111','1994','CHATEAU LA FLEUR MUSSET','SAINT-EMILION MDC',5,'0,5 l',5.58,30,111,0,15,0,2,'wijn_3.jpg'),('440','1989','CHATEAU CADET DE LARMANDE','SAINT-EMILION MDC',5,'0,75 l',11.53,12,20,0,15,0,2,'wijn_3.jpg'),('458','1993','CHATEAU PONTET','SAINT-EMILION MDC',5,'0,75 l',11.9,12,112,0,20,0,2,'wijn_4.jpg'),('4581','1993','CHATEAU PONTET','SAINT-EMILION MDC',5,'0,5 l',6.57,30,12,50,25,0,2,'wijn_5.jpg'),('459','1992','CHATEAU PONTET','SAINT-EMILION MDC',5,'0,75 l',11.65,12,17,0,15,0,2,'wijn_6.jpg'),('4592','1992','CHATEAU PONTET','SAINT-EMILION MDC',5,'magnum',22.93,6,69,0,5,0,2,'wijn_7.jpg'),('481','1993','CHATEAU BELMAY','SAINT-EMILION MDC',5,'0,75 l',14.85,12,123,0,30,0,2,'wijn_8.jpg'),('4811','1993','CHATEAU BELMAY','SAINT-EMILION MDC',5,'0,5 l',8.18,12,85,0,10,0,2,'wijn_1.jpg'),('482','1992','CHATEAU BELMAY','SAINT-EMILION MDC',5,'0,75 l',12.89,12,26,0,0,1,2,'wijn_2.jpg'),('4862','1990','CHATEAU BELMAY','SAINT-EMILION MDC',5,'magnum',33.42,6,17,0,25,0,2,'wijn_3.jpg'),('4872','1989','CHATEAU BELMAY','SAINT-EMILION MDC',5,'magnum',34.58,6,100,0,15,0,2,'wijn_3.jpg'),('4900','1991','CHAMPAGNE BRUT MICHEL ADIN',NULL,44,'0,75 l',18.59,6,20,0,15,0,9,'wijn_4.jpg'),('4901','1990','CHAMPAGNE GRAND CRU ADIN',NULL,44,'0,75 l',21.94,6,112,0,20,0,9,'wijn_5.jpg'),('49011','1990','CHAMPAGNE BRUT MICHEL ADIN',NULL,44,'0,5 l',12.39,12,12,50,25,0,9,'wijn_6.jpg'),('4904','1985','CHAMPAGNE MICHEL ADIN',NULL,44,'0,75 l',30.99,6,17,0,15,0,9,'wijn_7.jpg'),('4910','1990','CHAMPAGNE BARON ALBERT',NULL,44,'0,75 l',19.83,6,69,0,5,0,9,'wijn_1.jpg'),('49101','1990','CHAMPAGNE BRUT BARON ALBERT',NULL,44,'0,5 l',9.92,12,123,0,30,0,9,'wijn_2.jpg'),('5000','1990','CHAMPAGNE ROSE MICHEL ADIN',NULL,44,'0,75 l',21.07,6,85,0,10,0,9,'wijn_3.jpg'),('5002','1990','CHAMPAGNE ROSE BARON ALBERT   ',NULL,44,'0,75 l',18.34,6,26,0,0,1,9,'wijn_3.jpg'),('50422','1990','CHAMPAGNE BARON ALBERT',NULL,44,'magnum',47.1,6,17,0,25,0,9,'wijn_4.jpg'),('50432','1989','CHAMPAGNE MICHEL ADIN','GRAND CRU',44,'magnum',47.1,6,100,0,15,0,9,'wijn_5.jpg'),('5104',NULL,'PORTO RUBELLE',NULL,45,'0,75 l',7.19,30,5,70,15,0,2,'wijn_6.jpg'),('5105',NULL,'PORTO RUBELLE',NULL,45,'0,75 l',10.78,12,95,0,0,0,4,'wijn_7.jpg'),('5110',NULL,'PORTO RUBELLE 10 YEARS',NULL,45,'0,75 l',21.07,6,36,0,0,0,8,'wijn_8.jpg'),('5114',NULL,'PORTO TAWNY 20 YEARS',NULL,45,'0,75 l',38.42,6,15,70,25,0,5,'wijn_1.jpg'),('5118','1985','PORTO RUBELLE',NULL,45,'0,75 l',18.84,6,10,0,15,0,7,'wijn_2.jpg'),('5120','1985','PORTO LATE BOTTLED VINTAGE    ',NULL,45,'0,75 l',11.9,12,65,0,30,0,4,'wijn_3.jpg'),('5130','1978','PORTO RUBELLE COLHEITA',NULL,45,'0,75 l',27.27,6,20,0,10,0,10,'wijn_3.jpg'),('5138','1989','PORTO RUBELLE VINTAGE',NULL,45,'0,75 l',31.73,6,38,0,25,0,9,'wijn_4.jpg'),('5142','1985','PORTO RUBELLE VINTAGE',NULL,45,'0,75 l',37.18,6,0,0,0,1,8,'wijn_5.jpg'),('51501',NULL,'PORTO RUBELLE',NULL,45,'magnum',24.79,6,21,0,10,0,10,'wijn_6.jpg'),('5170',NULL,'PORTO WHITE',NULL,45,'0,75 l',7.19,30,115,0,20,0,2,'wijn_1.jpg'),('5179',NULL,'PORTO WHITE',NULL,45,'0,75 l',11.16,12,21,10,30,0,4,'wijn_2.jpg'),('5180','1992','MARGAUX RESERVE','CHATEAU DU TERTRE',45,'0,75 l',11.03,12,10,0,5,1,5,'wijn_3.jpg'),('5231',NULL,'SHERRY EAST INDIAN SOMBRERO',NULL,46,'0,75 l',13.63,12,36,0,20,0,5,'wijn_3.jpg'),('5232',NULL,'EAST AFRICAN AMONTILLADO',NULL,46,'0,75 l',20.33,6,62,0,20,0,8,'wijn_4.jpg'),('5240',NULL,'SHERRY CREAM                  ',NULL,46,'0,75 l',8.06,12,79,0,0,0,3,'wijn_5.jpg'),('525','1993','COUVENT DES CHRETIENS','SAINT-EMILION MDC',6,'0,75 l',23.43,6,5,70,15,0,2,'wijn_6.jpg'),('527','1990','COUVENT DES CHRETIENS','SAINT-EMILION MDC',6,'0,75 l',30.99,6,95,0,0,0,2,'wijn_7.jpg'),('5272','1990','COUVENT DES CHRETIENS','SAINT-EMILION MDC',6,'magnum',56.4,6,36,0,0,0,2,'wijn_8.jpg'),('528','1989','COUVENT DES CHRETIENS','SAINT-EMILION MDC',6,'0,75 l',29.75,6,15,70,25,0,2,'wijn_1.jpg'),('5281','1989','COUVENT DES CHRETIENS','SAINT-EMILION MDC',6,'0,5 l',13.86,12,10,0,15,0,2,'wijn_2.jpg'),('531','1986','COUVENT DES CHRETIENS','SAINT-EMILION MDC',6,'0,75 l',35.94,6,65,0,30,0,2,'wijn_3.jpg'),('5312','1986','COUVENT DES CHRETIENS','SAINT-EMILION MDC',6,'magnum',62.96,6,20,0,10,0,2,'wijn_3.jpg'),('600','1993','CHATEAU DU  CHENE','GRAVES MDC',7,'0,75 l',10.29,12,38,0,25,0,1,'wijn_4.jpg'),('601','1992','CHATEAU DU  CHENE','GRAVES MDC',7,'0,75 l',9.64,12,0,0,0,1,1,'wijn_5.jpg'),('606','1993','CHATEAU DOS','GRAVES MDC',7,'0,75 l',8.68,12,21,0,10,0,1,'wijn_6.jpg'),('6061','1993','CHATEAU DOS','GRAVES MDC',7,'0,5 l',5.48,30,115,0,20,0,1,'wijn_1.jpg'),('6062','1993','CHATEAU DOS','GRAVES MDC',7,'magnum',17.9,6,21,10,30,0,1,'wijn_2.jpg'),('614','1983','CHATEAU HAUT BERGER','GRAVES MDC',7,'0,75 l',12.89,12,36,0,20,0,1,'wijn_3.jpg'),('649','1989','CHATEAU RICHOTTE','FRONSAC MDC',8,'0,75 l',9.07,12,62,0,20,0,4,'wijn_3.jpg'),('650','1988','CHATEAU RICHOTTE','FRONSAC MDC',8,'0,75 l',9.07,12,79,0,0,0,4,'wijn_4.jpg'),('657','1988','CHATEAU DE LA MONTAGNE','FRONSAC MDC',8,'0,75 l',15.49,12,19,0,0,0,4,'wijn_5.jpg'),('661','1983','CHATEAU DE LA MONTAGNE','FRONSAC MDC',8,'0,75 l',15.49,12,113,0,25,0,4,'wijn_6.jpg'),('662','1979','CHATEAU DE LA MONTAGNE','FONSAC MDC',8,'0,75 l',20.2,6,17,0,0,0,4,'wijn_7.jpg'),('728','1990','CHATEAU HAUT FERNAND','POMEROL MDC',9,'0,75 l',20.38,6,100,0,5,0,4,'wijn_8.jpg'),('7281','1990','CHATEAU HAUT FERNAND','POMEROL MDC',9,'0,5 l',10.21,12,22,80,30,0,4,'wijn_1.jpg'),('7451','1986','CHATEAU LA PORTE','POMEROL MDC',9,'0,5 l',11.28,12,100,0,0,0,4,'wijn_2.jpg'),('761','1989','CHATEAU LAGRAGE','POMEROL MDC',9,'0,75 l',23.55,6,100,0,20,0,4,'wijn_3.jpg'),('808','1990','CHATEAU D\'ESTE','HAUT MEDOC MDC',11,'0,75 l',11.03,12,26,0,15,0,3,'wijn_3.jpg'),('809','1988','CHATEAU D\'ESTE','HAUT MEDOC MDC',11,'0,75 l',12.39,12,15,10,30,0,3,'wijn_4.jpg'),('8091','1988','CHATEAU D\'ESTE','HAUT MEDOC MDC',11,'0,5 l',5.83,30,26,0,0,0,3,'wijn_5.jpg'),('81029','1985','CHATEAU D\'ESTE','HAUT MEDOC MDC',11,'magnum',29.75,6,14,0,0,0,3,'wijn_6.jpg'),('870','1993','CHATEAU HAUT BELLECOUR','MEDOC MDC',10,'0,75 l',9.92,12,52,0,10,0,4,'wijn_1.jpg'),('8701','1993','CHATEAU HAUT BELLECOUR','MEDOC MDC',10,'0,5 l',5.58,30,6,10,15,0,4,'wijn_2.jpg'),('903','1992','DOMAINE GRAND VILLAGE','SAINT-ESTEPHE MDC',14,'0,75 l',11.03,12,15,0,10,0,1,'wijn_3.jpg'),('904','1994','CHATEAU CLAUZE','SAINT-ESTEPHE MDC',14,'0,75 l',11.9,12,100,0,0,0,1,'wijn_3.jpg'),('905','1993','CHATEAU CLAUZE','SAINT-ESTEPHE MDC',14,'0,75 l',11.03,12,29,0,0,1,1,'wijn_4.jpg'),('908','1992','SAINT-ESTEPHE CALIS','LA CHAPELLE',14,'0,75 l',12.02,12,31,0,0,0,1,'wijn_5.jpg'),('909','1990','SAINT-ESTEPHE CALIS','LA CHAPELLE',14,'0,75 l',15.25,12,22,30,30,0,1,'wijn_6.jpg'),('920','1991','CHATEAU GRAND VILLAGE','SAINT-ESTEPHE MDC',14,'0,75 l',17.48,6,86,0,0,0,1,'wijn_7.jpg'),('9352',NULL,'SHERRY LUSTAU ALMAVELLA',NULL,46,'0,75 l',16.73,12,19,0,0,0,6,'wijn_8.jpg'),('937','1993','CHATEAU LABORE','SAINT-ESTEPHE MDC',14,'0,75 l',13.01,12,24,0,5,0,1,'wijn_1.jpg'),('9371','1993','CHATEAU LABORE','SAINT-ESTEPHE MDC',14,'0,5 l',7.44,30,35,0,0,0,1,'wijn_2.jpg'),('9432','1988','CHATEAU LABORE','SAINT-ESTEPHE MDC',14,'magnum',35.94,6,100,0,5,0,1,'wijn_3.jpg'),('9452','1986','CHATEAU LABORE','SAINT-ESTEPHE MDC',14,'magnum',39.91,6,29,0,10,0,1,'wijn_3.jpg');
/*!40000 ALTER TABLE `tblwijnen` ENABLE KEYS */;
UNLOCK TABLES;

--
-- Table structure for table `tblwijngroepen`
--

DROP TABLE IF EXISTS `tblwijngroepen`;
/*!40101 SET @saved_cs_client     = @@character_set_client */;
/*!40101 SET character_set_client = utf8 */;
CREATE TABLE `tblwijngroepen` (
  `Groepsnummer` int(11) NOT NULL AUTO_INCREMENT,
  `Groepsnaam` varchar(50) CHARACTER SET utf8mb4 DEFAULT NULL,
  PRIMARY KEY (`Groepsnummer`)
) ENGINE=InnoDB AUTO_INCREMENT=49 DEFAULT CHARSET=utf8;
/*!40101 SET character_set_client = @saved_cs_client */;

--
-- Dumping data for table `tblwijngroepen`
--

LOCK TABLES `tblwijngroepen` WRITE;
/*!40000 ALTER TABLE `tblwijngroepen` DISABLE KEYS */;
INSERT INTO `tblwijngroepen` VALUES (1,'BORDEAUX ROUGE - ROOD         '),(2,'DOMAINE DE CASTILLON            '),(3,'DOMAINE DE BOURG -DOMAINE DE BLAYE'),(4,'BERGERAC                      '),(5,'SAINT - EMILION               '),(6,'SAINT-EMILION GRAND CRU CLASSE'),(7,'GRAVES ROUGE - ROOD           '),(8,'FRONSAC'),(9,'POMEROL                       '),(10,'MEDOC                         '),(11,'HAUT - MEDOC                  '),(12,'MOULIS                        '),(13,'LISTRAC                       '),(14,'SAINT-ESTEPHE                 '),(15,'MARGAUX                       '),(16,'BOURGOGNE ROOD - ROUGE        '),(17,'DOMAINE DE NUITS                '),(18,'DOMAINE DE BEAUNE               '),(19,'BEAUJOLAIS                    '),(20,'COTES DU RHONE                '),(21,'CHATEAUNEUF DU PAPE           '),(22,'COSTIERES DE NIMES            '),(23,'LANGUEDOC                     '),(24,'CORBIERES - CABARDES          '),(25,'ROUSSILLON                    '),(26,'MADIRAN                       '),(27,'LOIRE ROUGE                   '),(28,'RIOJA                         '),(29,'BORDEAUX BLANC - WIT          '),(30,'GRAVES  BLANC - WIT           '),(31,'BERGERAC BLANC'),(32,'MACON - SAINT VERAN           '),(33,'POUILLY FUISSE                '),(34,'BOURGOGNE  BLANC - WIT        '),(35,'CHABLIS '),(36,'COTES DU RHONE  BLANC - WIT   '),(37,'CHATEAUNEUF DU PAPE  BLANC    '),(38,'COTES DE PROVENCE BLANC       '),(39,'LANGUEDOC - ROUSSILLON        '),(40,'LOIRE  BLANC - WIT            '),(41,'SANCERRE      '),(42,'ALSACE  BLANC - WIT           '),(43,'RHEINHESSEN                   '),(44,'CHAMPAGNE                     '),(45,'PORTO                         '),(46,'SHERRY                        '),(47,'MERLOT'),(48,'test');
/*!40000 ALTER TABLE `tblwijngroepen` ENABLE KEYS */;
UNLOCK TABLES;

--
-- Dumping events for database 'apollosql'
--

--
-- Dumping routines for database 'apollosql'
--
/*!40103 SET TIME_ZONE=@OLD_TIME_ZONE */;

-- /*!40101 SET SQL_MODE=@OLD_SQL_MODE */;
/*!40014 SET FOREIGN_KEY_CHECKS=@OLD_FOREIGN_KEY_CHECKS */;
/*!40014 SET UNIQUE_CHECKS=@OLD_UNIQUE_CHECKS */;
/*!40101 SET CHARACTER_SET_CLIENT=@OLD_CHARACTER_SET_CLIENT */;
/*!40101 SET CHARACTER_SET_RESULTS=@OLD_CHARACTER_SET_RESULTS */;
/*!40101 SET COLLATION_CONNECTION=@OLD_COLLATION_CONNECTION */;
/*!40111 SET SQL_NOTES=@OLD_SQL_NOTES */;

-- Dump completed on 2017-02-08 18:24:43
